archetype_name,Call_Volume,duration_sec,talk_ratio,escalated,csat_score,call_cost,Friction_Index
Subscription Cancellation,258,539.0387596899225,1.280813953488372,0.38372093023255816,1.7248062015503876,3476.8,1.64
Unclassified / Noise,67,436.3134328358209,1.4243283582089554,0.34328358208955223,1.9104477611940298,730.825,1.4
Technical Troubleshooting,211,440.6445497630332,1.2836492890995261,0.27488151658767773,1.947867298578199,2324.4,1.11
Billing & Payment Disputes,153,592.6143790849674,1.300718954248366,0.22875816993464052,1.9215686274509804,2266.75,0.93
Account Access & Security,165,441.42424242424244,1.2113333333333334,0.21212121212121213,1.896969696969697,1820.875,0.87
